,city_year,zip_code,total_population_over_16,labor_force,percent_in_labor_vs_population,unemployment,information_industry_population,information_as_percent_of_labor
0,austin_2011,77418,7382,4418,59.8,5.2,17,0.4
1,austin_2011,77426,1294,597,46.1,0.2,0,0.0
2,austin_2011,77473,67,39,58.2,7.7,0,0.0
3,austin_2011,77474,10066,7039,69.9,6.4,40,0.6
4,austin_2011,77485,2749,1612,58.6,2.5,19,1.2
5,austin_2011,77833,22458,13129,58.5,5.3,298,2.4
6,austin_2011,77835,1864,912,48.9,2.5,17,1.9
7,austin_2011,78931,193,94,48.7,0.0,0,0.0
8,austin_2011,78933,955,607,63.6,7.2,31,5.5
9,austin_2011,78940,1818,1188,65.3,1.9,39,3.3
10,austin_2011,78944,456,284,62.3,2.1,5,1.8
11,austin_2011,78950,1764,1195,67.7,5.8,9,0.8
12,austin_2011,78954,979,558,57.0,0.0,0,0.0
13,austin_2012,77418,7142,4125,57.8,8.4,50,1.3
14,austin_2012,77426,1552,828,53.4,3.7,0,0.0
15,austin_2012,77473,72,33,45.8,6.1,0,0.0
16,austin_2012,77474,9940,6745,67.9,8.7,53,0.9
17,austin_2012,77485,2938,1760,59.9,2.8,27,1.6
18,austin_2012,77833,22804,12986,56.9,4.1,326,2.6
19,austin_2012,77835,1671,841,50.3,4.3,0,0.0
20,austin_2012,78931,113,52,46.0,0.0,0,0.0
21,austin_2012,78933,1199,824,68.7,4.7,30,3.8
22,austin_2012,78940,1682,1090,64.8,1.7,29,2.7
23,austin_2012,78944,552,337,61.1,0.9,11,3.3
24,austin_2012,78950,1988,1280,64.4,6.0,10,0.8
25,austin_2012,78954,1007,537,53.3,2.2,0,0.0
26,austin_2013,77418,7338,4382,59.7,8.7,36,0.9
27,austin_2013,77426,1798,928,51.6,3.2,0,0.0
28,austin_2013,77473,76,46,60.5,19.6,0,0.0
29,austin_2013,77474,9859,6644,67.4,9.4,22,0.4
30,austin_2013,77485,3075,1840,59.8,3.0,32,1.8
31,austin_2013,77833,22408,12459,55.6,4.5,236,2.0
32,austin_2013,77835,1944,1072,55.1,4.3,0,0.0
33,austin_2013,78931,176,99,56.3,0.0,0,0.0
34,austin_2013,78933,1248,817,65.5,3.9,0,0.0
35,austin_2013,78940,2027,1263,62.3,1.8,25,2.0
36,austin_2013,78944,551,303,55.0,6.6,4,1.4
37,austin_2013,78950,2135,1313,61.5,6.9,10,0.8
38,austin_2013,78954,926,482,52.1,2.7,0,0.0
39,austin_2014,77418,7488,4370,58.4,6.4,32,0.8
40,austin_2014,77426,1710,955,55.8,4.5,0,0.0
41,austin_2014,77473,56,34,60.7,47.1,0,0.0
42,austin_2014,77474,9870,6705,67.9,8.5,77,1.3
43,austin_2014,77485,3018,1921,63.7,3.6,35,1.9
44,austin_2014,77833,23214,12764,55.0,4.0,265,2.2
45,austin_2014,77835,1821,933,51.2,2.3,0,0.0
46,austin_2014,78931,150,77,51.3,0.0,0,0.0
47,austin_2014,78933,1167,651,55.8,0.0,0,0.0
48,austin_2014,78940,1964,1187,60.4,1.8,16,1.4
49,austin_2014,78944,526,307,58.4,5.5,4,1.4
50,austin_2014,78950,2270,1416,62.4,6.4,35,2.6
51,austin_2014,78954,922,416,45.1,4.8,0,0.0
52,austin_2015,77418,7875,4551,57.8,6.4,34,0.8
53,austin_2015,77426,1826,861,47.2,3.5,0,0.0
54,austin_2015,77473,64,44,68.8,31.8,0,0.0
55,austin_2015,77474,9731,6739,69.3,6.9,75,1.2
56,austin_2015,77485,3274,2001,61.1,3.8,57,3.0
57,austin_2015,77833,23284,12898,55.4,4.9,231,1.9
58,austin_2015,77835,1706,930,54.5,2.4,0,0.0
59,austin_2015,78931,153,57,37.3,0.0,0,0.0
60,austin_2015,78933,1059,552,52.1,0.0,0,0.0
61,austin_2015,78940,1866,1052,56.4,1.2,16,1.5
62,austin_2015,78944,429,290,67.6,7.6,5,1.9
63,austin_2015,78950,2041,1134,55.6,5.5,32,3.0
64,austin_2015,78954,904,410,45.4,6.3,0,0.0
65,austin_2016,77418,8000,4426,55.3,7.7,32,0.8
66,austin_2016,77426,2014,1040,51.6,3.4,0,0.0
67,austin_2016,77473,66,42,63.6,26.2,0,0.0
68,austin_2016,77474,9713,6604,68.0,5.2,95,1.5
69,austin_2016,77485,3394,1900,56.0,5.1,67,3.7
70,austin_2016,77833,23429,13056,55.7,4.8,217,1.7
71,austin_2016,77835,1710,957,56.0,2.4,0,0.0
72,austin_2016,78931,143,56,39.2,0.0,0,0.0
73,austin_2016,78933,1026,563,54.9,0.0,0,0.0
74,austin_2016,78940,1851,1009,54.5,1.6,10,1.0
75,austin_2016,78944,508,336,66.1,6.8,5,1.6
76,austin_2016,78950,2120,1083,51.1,4.1,29,2.8
77,austin_2016,78954,974,462,47.4,5.4,0,0.0
78,austin_2017,77418,8195,4590,56.0,9.7,0,0.0
79,austin_2017,77426,1994,1109,55.6,7.3,0,0.0
80,austin_2017,77473,80,43,53.8,25.6,0,0.0
81,austin_2017,77474,9816,6617,67.4,2.9,66,1.0
82,austin_2017,77485,3667,1941,52.9,5.3,26,1.4
83,austin_2017,77833,23233,13214,56.9,5.4,199,1.6
84,austin_2017,77835,2231,1295,58.0,5.3,0,0.0
85,austin_2017,78931,212,125,59.0,0.0,0,0.0
86,austin_2017,78933,1034,487,47.1,0.0,0,0.0
87,austin_2017,78940,2042,1128,55.2,1.4,9,0.8
88,austin_2017,78944,481,304,63.2,11.8,2,0.7
89,austin_2017,78950,1768,966,54.6,2.2,19,2.0
90,austin_2017,78954,1117,545,48.8,3.1,0,0.0
91,austin_2018,77418,8601,4871,56.6,8.3,9,0.2
92,austin_2018,77426,1685,985,58.5,7.1,0,0.0
93,austin_2018,77473,54,32,59.3,21.9,0,0.0
94,austin_2018,77474,9786,6697,68.4,2.5,86,1.3
95,austin_2018,77485,3389,1758,51.9,6.0,26,1.6
96,austin_2018,77833,23772,13576,57.1,5.5,190,1.5
97,austin_2018,77835,1969,947,48.1,3.5,0,0.0
98,austin_2018,78931,194,107,55.2,0.0,0,0.0
99,austin_2018,78933,1048,571,54.5,0.0,0,0.0
100,austin_2018,78940,1949,1170,60.0,1.7,8,0.7
101,austin_2018,78944,507,273,53.8,0.7,3,1.1
102,austin_2018,78950,1523,848,55.7,2.2,18,2.2
103,austin_2018,78954,1020,491,48.1,2.4,0,0.0
104,austin_2019,77418,8654,4873,56.3,8.5,22,0.5
105,austin_2019,77426,2106,1210,57.5,8.7,0,0.0
106,austin_2019,77473,55,19,34.5,0.0,0,0.0
107,austin_2019,77474,9476,6361,67.1,5.1,17,0.3
108,austin_2019,77485,3528,1779,50.4,4.7,32,1.9
109,austin_2019,77833,23930,13752,57.5,5.1,180,1.4
110,austin_2019,77835,1965,1132,57.6,3.5,0,0.0
111,austin_2019,78931,274,165,60.2,0.0,0,0.0
112,austin_2019,78933,1006,568,56.5,0.0,0,0.0
113,austin_2019,78940,2150,1264,58.8,2.0,9,0.7
114,austin_2019,78944,490,246,50.2,0.4,4,1.6
115,austin_2019,78950,1568,856,54.6,0.0,0,0.0
116,austin_2019,78954,1019,526,51.6,2.1,0,0.0
117,miami_2011,33010,38495,21163,55.0,12.3,173,0.9
118,miami_2011,33012,62815,36088,57.5,8.7,613,1.9
119,miami_2011,33013,27828,15940,57.3,13.1,136,1.0
120,miami_2011,33014,33206,20383,61.4,11.7,408,2.3
121,miami_2011,33015,46159,32832,71.1,7.0,690,2.3
122,miami_2011,33016,37019,24166,65.3,11.3,437,2.0
123,miami_2011,33018,36437,23946,65.7,9.0,455,2.1
124,miami_2011,33030,22829,15149,66.4,13.8,228,1.7
125,miami_2011,33031,4873,3094,63.5,6.7,0,0.0
126,miami_2011,33032,23247,15418,66.3,12.3,446,3.3
127,miami_2011,33033,33845,21877,64.6,9.9,356,1.8
128,miami_2011,33034,24262,6582,27.1,15.0,108,1.9
129,miami_2011,33035,8438,5815,68.9,6.8,221,4.1
130,miami_2011,33039,43,43,100.0,0.0,0,0.0
131,miami_2011,33054,22589,12087,53.5,13.5,78,0.7
132,miami_2011,33055,35609,22223,62.4,13.6,302,1.6
133,miami_2011,33056,25581,16481,64.4,14.6,254,1.8
134,miami_2011,33101,0,0,-,-,0,-
135,miami_2011,33109,150,80,53.3,13.8,6,8.7
136,miami_2011,33122,0,0,-,-,0,-
137,miami_2011,33125,46101,26870,58.3,8.5,239,1.0
138,miami_2011,33126,38945,25524,65.5,11.5,444,2.0
139,miami_2011,33127,23339,13440,57.6,18.0,234,2.1
140,miami_2011,33128,6312,3551,56.3,9.7,94,2.9
141,miami_2011,33129,11512,7960,69.1,5.1,321,4.2
142,miami_2011,33130,19308,11554,59.8,5.9,189,1.7
143,miami_2011,33131,10058,8240,81.9,3.6,322,4.1
144,miami_2011,33132,6593,4100,62.2,5.8,156,4.0
145,miami_2011,33133,27282,18137,66.5,9.0,444,2.7
146,miami_2011,33134,31655,19670,62.1,9.4,718,4.0
147,miami_2011,33135,30033,17337,57.7,10.4,201,1.3
148,miami_2011,33136,10059,5509,54.8,14.8,51,1.1
149,miami_2011,33137,15728,11081,70.5,12.2,385,4.0
150,miami_2011,33138,21605,14442,66.8,13.2,338,2.7
151,miami_2011,33139,34971,25426,72.7,4.8,901,3.7
152,miami_2011,33140,16535,10090,61.0,4.9,207,2.2
153,miami_2011,33141,30623,20890,68.2,5.4,777,3.9
154,miami_2011,33142,43262,23409,54.1,16.0,254,1.3
155,miami_2011,33143,24644,15965,64.8,8.5,311,2.1
156,miami_2011,33144,21645,12765,59.0,16.1,148,1.4
157,miami_2011,33145,27664,17158,62.0,6.9,163,1.0
158,miami_2011,33146,13368,6467,48.4,6.9,137,2.3
159,miami_2011,33147,33860,20092,59.3,17.9,260,1.6
160,miami_2011,33149,9065,5129,56.6,3.0,114,2.3
161,miami_2011,33150,20294,12311,60.7,17.4,151,1.5
162,miami_2011,33154,11588,7484,64.6,6.2,220,3.1
163,miami_2011,33155,37158,23524,63.3,6.9,489,2.2
164,miami_2011,33156,23594,14988,63.5,5.4,411,2.9
165,miami_2011,33157,50396,32666,64.8,10.0,683,2.3
166,miami_2011,33158,5304,3132,59.0,4.3,17,0.6
167,miami_2011,33160,32189,18142,56.4,6.1,543,3.2
168,miami_2011,33161,39767,24866,62.5,12.8,356,1.6
169,miami_2011,33162,34268,23288,68.0,13.3,245,1.2
170,miami_2011,33165,47359,27642,58.4,7.0,641,2.5
171,miami_2011,33166,17409,11700,67.2,10.6,244,2.3
172,miami_2011,33167,14899,8671,58.2,14.8,85,1.2
173,miami_2011,33168,20988,14061,67.0,14.2,192,1.6
174,miami_2011,33169,28213,19795,70.2,12.4,502,2.9
175,miami_2011,33170,8445,5312,62.9,12.6,118,2.5
176,miami_2011,33172,31467,20655,65.6,9.8,567,3.1
177,miami_2011,33173,29759,19415,65.2,8.1,493,2.8
178,miami_2011,33174,23733,13386,56.4,8.7,155,1.3
179,miami_2011,33175,44618,27911,62.6,10.8,661,2.7
180,miami_2011,33176,41279,27211,65.9,9.3,434,1.8
181,miami_2011,33177,42676,27350,64.1,9.9,640,2.6
182,miami_2011,33178,30410,18630,61.3,4.3,765,4.3
183,miami_2011,33179,32076,21662,67.5,8.7,403,2.0
184,miami_2011,33180,26406,15179,57.5,9.1,625,4.5
185,miami_2011,33181,14053,9605,68.3,11.3,120,1.4
186,miami_2011,33182,11881,8057,67.8,7.5,245,3.3
187,miami_2011,33183,29579,19859,67.1,8.2,348,1.9
188,miami_2011,33184,17731,11560,65.2,5.3,141,1.3
189,miami_2011,33185,21411,14531,67.9,6.2,400,2.9
190,miami_2011,33186,55263,39921,72.2,7.3,763,2.1
191,miami_2011,33187,13128,8391,63.9,10.7,83,1.1
192,miami_2011,33189,17641,11854,67.2,10.4,218,2.1
193,miami_2011,33190,7305,5111,70.0,8.7,81,1.7
194,miami_2011,33193,36037,24131,67.0,8.6,605,2.7
195,miami_2011,33194,5728,2835,49.5,8.2,70,2.7
196,miami_2011,33196,34157,24449,71.6,10.0,724,3.3
197,miami_2012,33010,38977,21705,55.7,15.0,177,1.0
198,miami_2012,33012,63600,36893,58.0,9.4,769,2.3
199,miami_2012,33013,27403,15264,55.7,15.0,181,1.4
200,miami_2012,33014,33897,21039,62.1,12.5,434,2.4
201,miami_2012,33015,48199,33679,69.9,7.8,837,2.7
202,miami_2012,33016,37290,24489,65.7,12.5,518,2.4
203,miami_2012,33018,37270,24539,65.8,9.2,418,1.9
204,miami_2012,33030,23532,15671,66.6,14.8,239,1.8
205,miami_2012,33031,5340,3258,61.0,9.4,0,0.0
206,miami_2012,33032,25073,16137,64.4,12.6,465,3.3
207,miami_2012,33033,36322,23309,64.2,11.5,317,1.6
208,miami_2012,33034,22719,6665,29.3,15.9,85,1.5
209,miami_2012,33035,9108,6306,69.2,10.6,181,3.3
210,miami_2012,33039,205,126,61.5,0.0,0,0.0
211,miami_2012,33054,22364,11351,50.8,13.9,132,1.4
212,miami_2012,33055,36013,22677,63.0,14.8,346,1.8
213,miami_2012,33056,26174,16387,62.6,18.1,287,2.1
214,miami_2012,33101,0,0,-,-,0,-
215,miami_2012,33109,354,218,61.6,8.7,9,4.5
216,miami_2012,33122,0,0,-,-,0,-
217,miami_2012,33125,45521,25749,56.6,9.8,317,1.4
218,miami_2012,33126,39686,26016,65.6,13.5,448,2.0
219,miami_2012,33127,22772,12830,56.3,21.8,168,1.7
220,miami_2012,33128,6434,3651,56.7,13.0,31,1.0
221,miami_2012,33129,11355,7791,68.6,6.0,371,5.1
222,miami_2012,33130,19916,12324,61.9,6.2,205,1.8
223,miami_2012,33131,11146,8842,79.3,4.5,345,4.1
224,miami_2012,33132,7954,5400,67.9,6.8,178,3.6
225,miami_2012,33133,27524,18510,67.3,10.7,423,2.6
226,miami_2012,33134,32447,20304,62.6,10.7,536,3.0
227,miami_2012,33135,30347,17352,57.2,13.9,123,0.8
228,miami_2012,33136,10424,5863,56.2,22.1,55,1.2
229,miami_2012,33137,16781,11965,71.3,12.9,363,3.5
230,miami_2012,33138,22180,14915,67.2,13.3,355,2.7
231,miami_2012,33139,34774,25495,73.3,6.0,851,3.6
232,miami_2012,33140,17107,10609,62.0,5.3,139,1.4
233,miami_2012,33141,30768,21139,68.7,7.2,558,2.9
234,miami_2012,33142,44566,24252,54.4,18.0,159,0.8
235,miami_2012,33143,25428,16692,65.6,8.3,275,1.8
236,miami_2012,33144,22043,13056,59.2,17.4,169,1.6
237,miami_2012,33145,26823,16502,61.5,8.9,141,0.9
238,miami_2012,33146,13415,6641,49.5,6.7,76,1.2
239,miami_2012,33147,34269,21043,61.4,20.0,233,1.4
240,miami_2012,33149,8894,4843,54.5,3.4,239,5.1
241,miami_2012,33150,21165,12659,59.8,19.6,133,1.3
242,miami_2012,33154,11210,6891,61.5,6.6,194,3.0
243,miami_2012,33155,38978,25575,65.6,8.6,572,2.5
244,miami_2012,33156,24714,15414,62.4,6.6,391,2.7
245,miami_2012,33157,51904,33521,64.6,10.7,730,2.4
246,miami_2012,33158,5422,3404,62.8,5.3,38,1.2
247,miami_2012,33160,32339,18432,57.0,6.5,493,2.9
248,miami_2012,33161,40261,25156,62.5,14.0,326,1.5
249,miami_2012,33162,35197,24025,68.3,17.5,318,1.6
250,miami_2012,33165,47611,27144,57.0,7.5,702,2.8
251,miami_2012,33166,18013,11749,65.2,13.2,233,2.3
252,miami_2012,33167,15178,8866,58.4,15.2,53,0.7
253,miami_2012,33168,22371,14294,63.9,15.6,156,1.3
254,miami_2012,33169,28761,19775,68.8,15.4,454,2.7
255,miami_2012,33170,9352,5749,61.5,16.0,89,1.8
256,miami_2012,33172,30882,20411,66.1,10.8,417,2.3
257,miami_2012,33173,29593,19527,66.0,10.8,448,2.6
258,miami_2012,33174,24990,13998,56.0,10.2,152,1.2
259,miami_2012,33175,45303,28840,63.7,10.9,707,2.8
260,miami_2012,33176,41220,27409,66.5,10.8,491,2.0
261,miami_2012,33177,43460,27609,63.5,10.6,542,2.2
262,miami_2012,33178,30548,19062,62.4,4.6,707,3.9
263,miami_2012,33179,32803,22130,67.5,9.2,410,2.0
264,miami_2012,33180,26439,14728,55.7,10.9,468,3.6
265,miami_2012,33181,13837,9191,66.4,11.1,145,1.8
266,miami_2012,33182,12746,8159,64.0,10.1,249,3.4
267,miami_2012,33183,30131,20641,68.5,9.9,400,2.2
268,miami_2012,33184,17605,10994,62.4,6.3,169,1.6
269,miami_2012,33185,21970,14875,67.7,7.2,378,2.7
270,miami_2012,33186,56906,40240,70.7,8.8,842,2.3
271,miami_2012,33187,12651,8083,63.9,12.3,89,1.3
272,miami_2012,33189,16581,10965,66.1,10.7,267,2.7
273,miami_2012,33190,8430,6039,71.6,10.0,75,1.4
274,miami_2012,33193,35998,23878,66.3,9.9,482,2.2
275,miami_2012,33194,6305,3064,48.6,9.7,67,2.4
276,miami_2012,33196,34931,24601,70.4,11.1,617,2.8
277,miami_2013,33010,39320,21894,55.7,15.3,156,0.8
278,miami_2013,33012,63684,36325,57.0,10.5,793,2.4
279,miami_2013,33013,27356,15063,55.1,16.1,149,1.2
280,miami_2013,33014,33620,20344,60.5,14.4,329,1.9
281,miami_2013,33015,50028,34881,69.7,7.6,804,2.5
282,miami_2013,33016,38850,24837,63.9,13.3,458,2.1
283,miami_2013,33018,37996,24182,63.6,10.6,394,1.8
284,miami_2013,33030,24362,15710,64.5,17.1,166,1.3
285,miami_2013,33031,5153,3060,59.4,11.9,0,0.0
286,miami_2013,33032,26887,17329,64.5,15.6,350,2.4
287,miami_2013,33033,37344,23849,63.9,13.0,385,1.9
288,miami_2013,33034,21092,6764,32.1,19.6,64,1.2
289,miami_2013,33035,10027,6807,67.9,12.1,353,6.1
290,miami_2013,33039,276,180,65.2,12.8,0,0.0
291,miami_2013,33054,22182,11293,50.9,14.2,150,1.6
292,miami_2013,33055,37064,23620,63.7,15.1,321,1.6
293,miami_2013,33056,26181,16368,62.5,17.9,291,2.2
294,miami_2013,33101,0,0,-,-,0,-
295,miami_2013,33109,364,231,63.5,9.1,7,3.3
296,miami_2013,33122,0,0,-,-,0,-
297,miami_2013,33125,45987,26120,56.8,9.4,251,1.1
298,miami_2013,33126,40163,26098,65.0,13.5,326,1.4
299,miami_2013,33127,22729,12747,56.1,21.7,186,1.9
300,miami_2013,33128,6333,3818,60.3,13.2,28,0.8
301,miami_2013,33129,11890,8181,68.8,6.1,345,4.5
302,miami_2013,33130,20120,12407,61.7,5.8,250,2.1
303,miami_2013,33131,12512,10036,80.2,5.0,446,4.7
304,miami_2013,33132,9423,6607,70.1,8.2,219,3.6
305,miami_2013,33133,27625,19062,69.0,11.1,485,2.9
306,miami_2013,33134,34278,21472,62.6,10.6,370,1.9
307,miami_2013,33135,30127,17133,56.9,16.0,140,1.0
308,miami_2013,33136,10528,5775,54.9,24.8,38,0.9
309,miami_2013,33137,17464,12637,72.4,12.4,359,3.2
310,miami_2013,33138,22987,15124,65.8,14.2,369,2.8
311,miami_2013,33139,34270,25233,73.6,4.8,861,3.6
312,miami_2013,33140,17630,11068,62.8,5.1,247,2.4
313,miami_2013,33141,31703,21274,67.1,7.4,471,2.4
314,miami_2013,33142,43186,23424,54.2,19.6,157,0.8
315,miami_2013,33143,25237,16473,65.3,8.8,351,2.3
316,miami_2013,33144,22344,13303,59.5,16.0,171,1.5
317,miami_2013,33145,26943,16708,62.0,10.1,189,1.3
318,miami_2013,33146,13277,7001,52.7,7.6,85,1.3
319,miami_2013,33147,33885,20477,60.4,21.8,292,1.8
320,miami_2013,33149,8793,5071,57.7,5.4,229,4.8
321,miami_2013,33150,20627,12405,60.1,23.5,147,1.5
322,miami_2013,33154,10792,6329,58.6,7.8,253,4.3
323,miami_2013,33155,39216,25361,64.7,9.4,639,2.8
324,miami_2013,33156,25220,15558,61.7,7.0,363,2.5
325,miami_2013,33157,53049,33666,63.5,10.9,682,2.3
326,miami_2013,33158,5439,3289,60.5,9.0,32,1.1
327,miami_2013,33160,33208,18787,56.6,6.7,451,2.6
328,miami_2013,33161,42095,25620,60.9,15.9,372,1.7
329,miami_2013,33162,35747,24118,67.5,17.8,361,1.8
330,miami_2013,33165,48326,28338,58.6,8.1,828,3.2
331,miami_2013,33166,19023,12184,64.0,12.8,202,1.9
332,miami_2013,33167,16126,9486,58.8,14.3,38,0.5
333,miami_2013,33168,22702,14443,63.6,16.3,211,1.7
334,miami_2013,33169,29481,20636,70.0,16.0,458,2.6
335,miami_2013,33170,8923,5366,60.1,17.7,68,1.5
336,miami_2013,33172,32325,21089,65.2,11.2,358,1.9
337,miami_2013,33173,29514,19699,66.7,11.6,308,1.8
338,miami_2013,33174,25347,13926,54.9,10.5,167,1.3
339,miami_2013,33175,44109,27824,63.1,10.4,642,2.6
340,miami_2013,33176,41731,27911,66.9,10.7,435,1.7
341,miami_2013,33177,44756,28400,63.5,11.5,428,1.7
342,miami_2013,33178,31409,20161,64.2,5.1,950,5.0
343,miami_2013,33179,33800,22194,65.7,10.0,309,1.5
344,miami_2013,33180,26899,15112,56.2,10.1,438,3.2
345,miami_2013,33181,13989,9245,66.1,12.0,135,1.7
346,miami_2013,33182,13833,8258,59.7,9.4,255,3.4
347,miami_2013,33183,31581,21045,66.6,11.4,470,2.5
348,miami_2013,33184,17910,11190,62.5,8.5,151,1.5
349,miami_2013,33185,22692,15419,67.9,7.8,418,2.9
350,miami_2013,33186,56716,39645,69.9,9.6,863,2.4
351,miami_2013,33187,13784,8660,62.8,10.4,85,1.1
352,miami_2013,33189,18007,11755,65.3,10.6,356,3.4
353,miami_2013,33190,8483,6216,73.3,9.7,66,1.2
354,miami_2013,33193,37607,24492,65.1,9.9,474,2.1
355,miami_2013,33194,6227,2786,44.7,8.0,44,1.7
356,miami_2013,33196,35086,24270,69.2,11.2,556,2.6
357,miami_2014,33010,39487,21848,55.3,15.2,246,1.3
358,miami_2014,33012,64179,36765,57.3,9.9,794,2.4
359,miami_2014,33013,29184,15765,54.0,13.0,204,1.5
360,miami_2014,33014,33068,20537,62.1,13.8,341,1.9
361,miami_2014,33015,52085,35410,68.0,7.1,680,2.1
362,miami_2014,33016,40082,25434,63.5,13.8,466,2.1
363,miami_2014,33018,38366,24738,64.5,10.4,464,2.1
364,miami_2014,33030,25452,15924,62.6,16.3,148,1.1
365,miami_2014,33031,5039,3113,61.8,11.4,0,0.0
366,miami_2014,33032,28074,18388,65.5,16.1,274,1.8
367,miami_2014,33033,38734,24572,63.4,12.5,308,1.5
368,miami_2014,33034,19381,7346,37.9,20.7,25,0.4
369,miami_2014,33035,10345,7119,68.8,11.9,196,3.2
370,miami_2014,33039,274,172,62.8,14.5,0,0.0
371,miami_2014,33054,22965,11858,51.6,14.5,193,1.9
372,miami_2014,33055,36985,22756,61.5,14.9,302,1.6
373,miami_2014,33056,27584,17193,62.3,17.8,306,2.2
374,miami_2014,33101,0,0,-,-,0,-
375,miami_2014,33109,371,195,52.6,0.0,0,0.0
376,miami_2014,33122,0,0,-,-,0,-
377,miami_2014,33125,48465,27069,55.9,8.2,317,1.3
378,miami_2014,33126,40829,26419,64.7,12.6,289,1.3
379,miami_2014,33127,23155,12840,55.5,18.6,130,1.2
380,miami_2014,33128,6322,3778,59.8,15.9,19,0.6
381,miami_2014,33129,11626,8166,70.2,6.9,414,5.4
382,miami_2014,33130,20141,12721,63.2,6.3,295,2.5
383,miami_2014,33131,13410,10547,78.7,4.4,493,4.9
384,miami_2014,33132,9735,6739,69.2,6.8,226,3.6
385,miami_2014,33133,27879,19163,68.7,11.8,466,2.8
386,miami_2014,33134,35683,22670,63.5,9.4,432,2.1
387,miami_2014,33135,30330,17625,58.1,14.6,147,1.0
388,miami_2014,33136,10806,6038,55.9,26.3,44,1.0
389,miami_2014,33137,18371,13496,73.5,12.0,452,3.8
390,miami_2014,33138,23211,15053,64.9,13.2,472,3.6
391,miami_2014,33139,34048,24896,73.1,4.9,809,3.4
392,miami_2014,33140,18622,11354,61.0,5.2,224,2.1
393,miami_2014,33141,32180,21745,67.6,6.5,553,2.7
394,miami_2014,33142,43518,23638,54.3,19.1,120,0.6
395,miami_2014,33143,26581,17914,67.4,7.8,338,2.0
396,miami_2014,33144,22734,13368,58.8,16.7,168,1.5
397,miami_2014,33145,26518,16616,62.7,9.8,168,1.1
398,miami_2014,33146,12959,6967,53.8,6.7,131,2.0
399,miami_2014,33147,34191,20380,59.6,20.5,547,3.4
400,miami_2014,33149,9069,5146,56.7,4.7,166,3.4
401,miami_2014,33150,21897,13149,60.0,22.5,130,1.3
402,miami_2014,33154,11165,6658,59.6,6.5,292,4.7
403,miami_2014,33155,40090,25320,63.2,9.5,668,2.9
404,miami_2014,33156,26755,16915,63.2,7.6,340,2.2
405,miami_2014,33157,53741,34006,63.3,10.9,614,2.0
406,miami_2014,33158,5747,3603,62.7,8.2,32,1.0
407,miami_2014,33160,34105,19006,55.7,5.8,439,2.5
408,miami_2014,33161,43272,26606,61.5,14.9,402,1.8
409,miami_2014,33162,37371,24493,65.5,16.7,375,1.8
410,miami_2014,33165,48205,28362,58.8,7.8,795,3.0
411,miami_2014,33166,19843,12203,61.5,12.5,188,1.8
412,miami_2014,33167,16174,9357,57.9,13.5,238,2.9
413,miami_2014,33168,23565,14547,61.7,17.1,165,1.4
414,miami_2014,33169,29706,20287,68.3,15.3,407,2.4
415,miami_2014,33170,9872,5761,58.4,17.7,159,3.4
416,miami_2014,33172,33207,21409,64.5,9.6,428,2.2
417,miami_2014,33173,28908,18838,65.2,9.1,313,1.8
418,miami_2014,33174,26873,14820,55.1,10.6,177,1.3
419,miami_2014,33175,46188,28932,62.6,9.2,725,2.8
420,miami_2014,33176,42534,28062,66.0,9.2,531,2.1
421,miami_2014,33177,45729,28898,63.2,10.0,407,1.6
422,miami_2014,33178,31750,20686,65.2,4.5,972,4.9
423,miami_2014,33179,34963,22616,64.7,10.1,530,2.6
424,miami_2014,33180,26476,14577,55.1,9.5,383,2.9
425,miami_2014,33181,14649,9474,64.7,10.9,188,2.2
426,miami_2014,33182,15011,8158,54.3,8.1,266,3.5
427,miami_2014,33183,31582,20721,65.6,11.0,301,1.6
428,miami_2014,33184,18534,11260,60.8,8.9,169,1.7
429,miami_2014,33185,23164,15465,66.8,7.9,387,2.7
430,miami_2014,33186,57361,38616,67.3,9.0,709,2.0
431,miami_2014,33187,13114,8436,64.3,8.4,78,1.0
432,miami_2014,33189,19148,12456,65.1,9.9,333,3.0
433,miami_2014,33190,9446,6777,71.7,10.3,100,1.7
434,miami_2014,33193,39862,25526,64.0,8.8,470,2.0
435,miami_2014,33194,7277,3463,47.6,7.6,0,0.0
436,miami_2014,33196,36978,25189,68.1,10.0,570,2.5
437,miami_2015,33010,39132,21912,56.0,13.4,270,1.4
438,miami_2015,33012,64899,36823,56.7,9.0,668,2.0
439,miami_2015,33013,29214,15439,52.8,11.4,159,1.2
440,miami_2015,33014,33656,20418,60.7,12.4,260,1.5
441,miami_2015,33015,53015,36087,68.1,6.1,580,1.7
442,miami_2015,33016,40522,25932,64.0,11.9,369,1.6
443,miami_2015,33018,40115,26312,65.6,7.8,593,2.4
444,miami_2015,33030,25739,15892,61.7,14.7,82,0.6
445,miami_2015,33031,5324,3486,65.5,9.4,0,0.0
446,miami_2015,33032,30049,19713,65.6,14.8,225,1.3
447,miami_2015,33033,40979,26004,63.5,14.2,297,1.4
448,miami_2015,33034,16769,7535,44.9,21.1,26,0.4
449,miami_2015,33035,11107,7948,71.6,11.5,141,2.0
450,miami_2015,33039,331,214,64.7,12.1,0,0.0
451,miami_2015,33054,23811,11361,47.7,12.0,235,2.4
452,miami_2015,33055,37220,22807,61.3,14.0,359,1.8
453,miami_2015,33056,27482,16866,61.4,17.7,293,2.1
454,miami_2015,33101,0,0,-,-,0,-
455,miami_2015,33109,453,249,55.0,0.0,0,0.0
456,miami_2015,33122,0,0,-,-,0,-
457,miami_2015,33125,48455,26993,55.7,6.6,465,1.8
458,miami_2015,33126,43535,28051,64.4,11.8,315,1.3
459,miami_2015,33127,24524,14233,58.0,16.0,133,1.1
460,miami_2015,33128,6602,3918,59.3,16.1,19,0.6
461,miami_2015,33129,10994,8009,72.8,6.5,346,4.6
462,miami_2015,33130,19523,12715,65.1,4.4,260,2.1
463,miami_2015,33131,13743,10753,78.2,3.1,357,3.4
464,miami_2015,33132,9886,6465,65.4,5.3,214,3.5
465,miami_2015,33133,27688,18616,67.2,9.3,374,2.2
466,miami_2015,33134,37082,23752,64.1,7.2,398,1.8
467,miami_2015,33135,32306,18735,58.0,14.0,140,0.9
468,miami_2015,33136,11038,6080,55.1,25.5,52,1.2
469,miami_2015,33137,19559,14402,73.6,10.4,623,4.8
470,miami_2015,33138,23673,15807,66.8,11.3,685,4.9
471,miami_2015,33139,33795,24802,73.4,4.2,830,3.5
472,miami_2015,33140,18184,10711,58.9,5.6,268,2.7
473,miami_2015,33141,33019,22295,67.5,5.8,561,2.7
474,miami_2015,33142,44352,24278,54.7,18.5,228,1.2
475,miami_2015,33143,26550,18218,68.6,6.5,313,1.8
476,miami_2015,33144,23640,13939,59.0,14.0,130,1.1
477,miami_2015,33145,27388,18139,66.2,8.8,296,1.8
478,miami_2015,33146,12949,7027,54.3,4.5,191,2.8
479,miami_2015,33147,34521,20422,59.2,18.9,516,3.1
480,miami_2015,33149,9446,5224,55.3,4.8,205,4.1
481,miami_2015,33150,21669,13205,60.9,21.4,152,1.5
482,miami_2015,33154,11314,6925,61.2,5.5,273,4.2
483,miami_2015,33155,39482,24864,63.0,7.6,704,3.1
484,miami_2015,33156,26448,16610,62.8,7.0,361,2.3
485,miami_2015,33157,53471,33733,63.1,9.5,579,1.9
486,miami_2015,33158,5775,3669,63.5,6.3,59,1.7
487,miami_2015,33160,34378,19703,57.3,5.4,379,2.0
488,miami_2015,33161,43618,26789,61.4,13.4,300,1.3
489,miami_2015,33162,38133,24293,63.7,14.5,382,1.8
490,miami_2015,33165,49437,29431,59.5,6.6,805,2.9
491,miami_2015,33166,20643,12207,59.1,10.0,204,1.9
492,miami_2015,33167,16435,9770,59.4,13.8,242,2.9
493,miami_2015,33168,24177,15083,62.4,14.1,141,1.1
494,miami_2015,33169,31420,20970,66.7,14.3,429,2.4
495,miami_2015,33170,10002,5591,55.9,11.0,164,3.3
496,miami_2015,33172,33668,21959,65.2,8.4,556,2.8
497,miami_2015,33173,27821,17791,63.9,6.8,283,1.7
498,miami_2015,33174,27612,15541,56.3,8.2,185,1.3
499,miami_2015,33175,46553,28752,61.8,7.2,587,2.2
500,miami_2015,33176,42550,28125,66.1,8.2,559,2.2
501,miami_2015,33177,47095,29413,62.5,8.7,331,1.2
502,miami_2015,33178,33071,21673,65.5,4.6,1039,5.0
503,miami_2015,33179,35213,22771,64.7,9.9,584,2.8
504,miami_2015,33180,27371,15331,56.0,7.7,408,2.9
505,miami_2015,33181,15234,9740,63.9,8.3,182,2.0
506,miami_2015,33182,15578,8050,51.7,7.6,281,3.8
507,miami_2015,33183,32093,20749,64.7,9.2,341,1.8
508,miami_2015,33184,18993,11234,59.1,8.3,138,1.3
509,miami_2015,33185,23830,15913,66.8,6.8,434,2.9
510,miami_2015,33186,58094,39082,67.3,7.8,767,2.1
511,miami_2015,33187,13796,8785,63.7,9.0,67,0.8
512,miami_2015,33189,19577,12635,64.5,9.5,250,2.2
513,miami_2015,33190,9880,6876,69.6,9.7,129,2.1
514,miami_2015,33193,41946,26569,63.3,7.4,364,1.5
515,miami_2015,33194,6465,2946,45.6,5.7,0,0.0
516,miami_2015,33196,37294,24624,66.0,8.5,543,2.4
517,miami_2016,33010,40304,22649,56.2,11.1,401,2
518,miami_2016,33012,65763,36719,55.8,8.1,616,1.8
519,miami_2016,33013,28989,15263,52.7,8.7,143,1
520,miami_2016,33014,32921,19542,59.4,7.7,323,1.8
521,miami_2016,33015,54337,36212,66.6,6.5,607,1.8
522,miami_2016,33016,40609,25558,62.9,8.7,288,1.2
523,miami_2016,33018,40265,26383,65.5,5.4,523,2.1
524,miami_2016,33030,25766,16184,62.8,11.5,137,1
525,miami_2016,33031,5175,3503,67.7,8.5,8,0.3
526,miami_2016,33032,31736,21076,66.4,12.7,142,0.8
527,miami_2016,33033,40992,25325,61.8,13,338,1.6
528,miami_2016,33034,17234,7831,45.4,18.8,40,0.6
529,miami_2016,33035,12234,8732,71.4,10,221,2.9
530,miami_2016,33039,489,377,77.1,19.9,0,0
531,miami_2016,33054,23872,11932,50,10.9,289,2.7
532,miami_2016,33055,37139,22372,60.2,10.5,471,2.4
533,miami_2016,33056,27416,16935,61.8,16.3,259,1.8
534,miami_2016,33101,0,0,-,-,0,-
535,miami_2016,33109,485,267,55.1,0,0,0
536,miami_2016,33122,95,49,51.6,0,0,0
537,miami_2016,33125,49963,27778,55.6,6.1,602,2.3
538,miami_2016,33126,44944,28601,63.6,9.5,284,1.1
539,miami_2016,33127,24653,14560,59.1,14.6,93,0.7
540,miami_2016,33128,6400,3852,60.2,15.2,25,0.8
541,miami_2016,33129,10691,7591,71,4.5,379,5.2
542,miami_2016,33130,21331,13787,64.6,3.8,195,1.5
543,miami_2016,33131,13624,10048,73.8,3.9,298,3.1
544,miami_2016,33132,10671,6953,65.2,4.3,224,3.4
545,miami_2016,33133,27919,18408,65.9,8.2,355,2.1
546,miami_2016,33134,36115,22906,63.4,4.8,557,2.6
547,miami_2016,33135,33283,19318,58,11.9,113,0.7
548,miami_2016,33136,11370,6519,57.3,21.9,80,1.6
549,miami_2016,33137,20429,15117,74,7.6,540,3.9
550,miami_2016,33138,24563,16449,67,9.3,695,4.7
551,miami_2016,33139,33736,24486,72.6,4,705,3
552,miami_2016,33140,18056,11075,61.3,4.8,402,3.8
553,miami_2016,33141,34515,24147,70,5.9,567,2.5
554,miami_2016,33142,43144,23424,54.3,16.4,249,1.3
555,miami_2016,33143,26493,17993,67.9,7.1,333,2
556,miami_2016,33144,24246,14018,57.8,10,109,0.9
557,miami_2016,33145,27746,17884,64.5,7.6,307,1.9
558,miami_2016,33146,13330,7408,55.6,4.8,185,2.6
559,miami_2016,33147,35963,20684,57.5,15.5,471,2.7
560,miami_2016,33149,9748,5442,55.8,4.7,163,3.1
561,miami_2016,33150,21110,12511,59.3,19.2,166,1.6
562,miami_2016,33154,11225,6595,58.8,5.5,253,4.1
563,miami_2016,33155,39359,25289,64.3,5.9,677,2.8
564,miami_2016,33156,26528,16127,60.8,5.7,326,2.1
565,miami_2016,33157,53469,33469,62.6,8.7,489,1.6
566,miami_2016,33158,5519,3483,63.1,5.7,74,2.3
567,miami_2016,33160,34908,20478,58.7,4.4,379,1.9
568,miami_2016,33161,44314,27445,61.9,12.1,253,1.1
569,miami_2016,33162,38034,24019,63.2,12.5,336,1.6
570,miami_2016,33165,48738,29045,59.6,5.1,639,2.3
571,miami_2016,33166,20819,12220,58.7,7.4,149,1.3
572,miami_2016,33167,16610,9637,58,11.5,203,2.4
573,miami_2016,33168,23741,14737,62.1,12.3,141,1.1
574,miami_2016,33169,31932,20863,65.3,13.5,442,2.4
575,miami_2016,33170,10834,5988,55.3,9,122,2.2
576,miami_2016,33172,34324,22603,65.9,6.3,462,2.2
577,miami_2016,33173,27582,17765,64.4,6.9,296,1.8
578,miami_2016,33174,28581,16441,57.5,6.6,211,1.4
579,miami_2016,33175,47092,28596,60.7,5.7,576,2.1
580,miami_2016,33176,42068,27915,66.4,7.3,675,2.6
581,miami_2016,33177,47245,29240,61.9,8,269,1
582,miami_2016,33178,34819,23224,66.7,4.6,1070,4.8
583,miami_2016,33179,35995,23586,65.5,10,538,2.5
584,miami_2016,33180,27205,14873,54.7,6.2,449,3.2
585,miami_2016,33181,15677,10228,65.2,8.4,154,1.6
586,miami_2016,33182,16038,8139,50.7,6.7,233,3.1
587,miami_2016,33183,32366,20859,64.4,7.4,337,1.7
588,miami_2016,33184,19147,11014,57.5,7.2,77,0.8
589,miami_2016,33185,25136,16446,65.4,6.2,463,3
590,miami_2016,33186,57026,38339,67.2,7.2,834,2.3
591,miami_2016,33187,14997,9532,63.6,7.1,58,0.7
592,miami_2016,33189,20510,13519,65.9,7.1,278,2.2
593,miami_2016,33190,10830,7645,70.6,8.4,170,2.4
594,miami_2016,33193,41673,26837,64.4,6.8,349,1.4
595,miami_2016,33194,5976,2580,43.2,7,0,0
596,miami_2016,33196,38601,25284,65.5,6.9,555,2.4
597,miami_2017,33010,40326,22113,54.8,7.6,439,2.1
598,miami_2017,33012,65507,36042,55.0,7.3,663,2.0
599,miami_2017,33013,29667,15800,53.3,6.1,153,1.0
600,miami_2017,33014,33641,19373,57.6,6.1,353,1.9
601,miami_2017,33015,53655,35764,66.7,5.8,573,1.7
602,miami_2017,33016,42654,26935,63.1,6.8,287,1.1
603,miami_2017,33018,41360,27026,65.3,4.8,618,2.4
604,miami_2017,33030,25357,15723,62.0,9.2,172,1.2
605,miami_2017,33031,4931,3387,68.7,5.9,36,1.1
606,miami_2017,33032,33754,22469,66.6,11.5,461,2.3
607,miami_2017,33033,42491,26044,61.3,12.0,312,1.4
608,miami_2017,33034,17244,8324,48.3,17.6,11,0.2
609,miami_2017,33035,11807,8573,72.6,9.7,171,2.2
610,miami_2017,33039,391,360,92.1,15.8,0,0.0
611,miami_2017,33054,25409,13030,51.3,11.8,213,1.9
612,miami_2017,33055,36542,21852,59.8,8.7,574,2.9
613,miami_2017,33056,27652,16824,60.8,13.7,346,2.4
614,miami_2017,33101,0,0,-,-,0,-
615,miami_2017,33109,431,164,38.1,0.0,0,0.0
616,miami_2017,33122,292,174,59.6,0.0,24,13.8
617,miami_2017,33125,51610,29057,56.3,5.2,473,1.7
618,miami_2017,33126,46169,29153,63.1,8.0,348,1.3
619,miami_2017,33127,24857,14479,58.2,12.1,114,0.9
620,miami_2017,33128,6203,3506,56.5,14.2,30,1.0
621,miami_2017,33129,10727,7541,70.3,4.6,366,5.1
622,miami_2017,33130,21913,14234,65.0,3.7,254,1.9
623,miami_2017,33131,14516,11058,76.2,3.7,412,3.9
624,miami_2017,33132,11059,7053,63.8,4.5,240,3.6
625,miami_2017,33133,28146,18301,65.0,7.1,400,2.4
626,miami_2017,33134,36761,24166,65.7,4.4,565,2.4
627,miami_2017,33135,33771,19608,58.1,9.1,133,0.7
628,miami_2017,33136,11509,7000,60.8,16.7,99,1.7
629,miami_2017,33137,20252,15104,74.6,6.5,474,3.4
630,miami_2017,33138,24565,16067,65.4,10.1,599,4.1
631,miami_2017,33139,33678,24673,73.3,4.2,771,3.3
632,miami_2017,33140,18062,11014,61.0,4.0,357,3.4
633,miami_2017,33141,35110,25163,71.7,5.0,622,2.6
634,miami_2017,33142,44403,24176,54.4,14.1,243,1.2
635,miami_2017,33143,26293,18181,69.1,6.5,369,2.2
636,miami_2017,33144,26015,15781,60.7,7.8,124,0.9
637,miami_2017,33145,27810,17993,64.7,6.4,348,2.1
638,miami_2017,33146,13501,7194,53.3,4.3,182,2.6
639,miami_2017,33147,36922,20564,55.7,13.3,480,2.7
640,miami_2017,33149,9734,5652,58.1,4.3,135,2.5
641,miami_2017,33150,21860,13098,59.9,19.2,144,1.4
642,miami_2017,33154,11314,6797,60.1,5.8,279,4.4
643,miami_2017,33155,39209,24595,62.7,4.3,707,3.0
644,miami_2017,33156,26974,16774,62.2,4.8,367,2.3
645,miami_2017,33157,54352,33823,62.2,7.5,467,1.5
646,miami_2017,33158,5079,3143,61.9,5.4,72,2.4
647,miami_2017,33160,35969,20974,58.3,4.9,365,1.8
648,miami_2017,33161,44889,28496,63.5,10.7,218,0.9
649,miami_2017,33162,37790,24061,63.7,10.2,238,1.1
650,miami_2017,33165,49068,29431,60.0,4.0,628,2.2
651,miami_2017,33166,20776,12548,60.4,5.5,229,1.9
652,miami_2017,33167,16773,10031,59.8,10.2,256,2.8
653,miami_2017,33168,23536,14708,62.5,12.3,135,1.0
654,miami_2017,33169,31090,20254,65.1,10.2,420,2.3
655,miami_2017,33170,10705,5651,52.8,10.2,126,2.5
656,miami_2017,33172,35959,23433,65.2,4.8,642,2.9
657,miami_2017,33173,26699,16858,63.1,5.1,247,1.5
658,miami_2017,33174,30042,17639,58.7,6.3,180,1.1
659,miami_2017,33175,46848,27951,59.7,5.5,532,2.0
660,miami_2017,33176,43873,28540,65.1,5.6,702,2.6
661,miami_2017,33177,48156,29864,62.0,6.8,318,1.1
662,miami_2017,33178,36901,24940,67.6,4.6,977,4.1
663,miami_2017,33179,36472,23611,64.7,8.1,477,2.2
664,miami_2017,33180,27068,15343,56.7,4.9,463,3.2
665,miami_2017,33181,16499,10743,65.1,9.7,208,2.1
666,miami_2017,33182,15601,7464,47.8,2.9,206,2.8
667,miami_2017,33183,32445,20718,63.9,6.4,368,1.9
668,miami_2017,33184,19957,11857,59.4,6.2,77,0.7
669,miami_2017,33185,25822,17045,66.0,5.1,478,3.0
670,miami_2017,33186,57877,38482,66.5,5.3,763,2.1
671,miami_2017,33187,15045,9980,66.3,6.5,208,2.2
672,miami_2017,33189,21102,14332,67.9,7.5,174,1.3
673,miami_2017,33190,11711,8414,71.8,8.2,222,2.9
674,miami_2017,33193,42442,27010,63.6,6.0,320,1.3
675,miami_2017,33194,6333,2867,45.3,5.5,29,1.1
676,miami_2017,33196,40366,26812,66.4,5.9,588,2.3
677,miami_2018,33010,40572,22572,55.6,6.3,402,1.9
678,miami_2018,33012,64872,36452,56.2,6.1,508,1.5
679,miami_2018,33013,28617,16019,56.0,4.6,187,1.2
680,miami_2018,33014,34282,20261,59.1,4.7,534,2.8
681,miami_2018,33015,53393,35746,66.9,5.1,709,2.1
682,miami_2018,33016,41968,26912,64.1,4.9,267,1.0
683,miami_2018,33018,43107,29704,68.9,3.9,668,2.3
684,miami_2018,33030,26022,16683,64.1,6.4,97,0.6
685,miami_2018,33031,5655,3960,70.0,5.2,41,1.1
686,miami_2018,33032,34966,23722,67.8,8.9,435,2.0
687,miami_2018,33033,42367,26773,63.2,8.6,199,0.8
688,miami_2018,33034,16419,8289,50.5,14.5,26,0.4
689,miami_2018,33035,11478,8463,73.7,8.8,25,0.3
690,miami_2018,33039,345,293,84.9,14.3,0,0.0
691,miami_2018,33054,24801,12670,51.1,11.1,101,0.9
692,miami_2018,33055,35129,20293,57.8,7.3,591,3.1
693,miami_2018,33056,28489,17228,60.5,13.3,401,2.7
694,miami_2018,33101,0,0,-,-,0,-
695,miami_2018,33109,475,179,37.7,0.0,0,0.0
696,miami_2018,33122,81,44,54.3,0.0,0,0.0
697,miami_2018,33125,52425,29043,55.4,4.5,481,1.7
698,miami_2018,33126,45530,28368,62.3,7.0,415,1.6
699,miami_2018,33127,26451,15442,58.4,11.1,109,0.8
700,miami_2018,33128,6404,3654,57.1,9.4,30,0.9
701,miami_2018,33129,11260,8178,72.6,5.2,377,4.9
702,miami_2018,33130,24055,15454,64.2,4.7,415,2.8
703,miami_2018,33131,14842,11423,77.0,3.1,477,4.3
704,miami_2018,33132,12088,7758,64.2,1.8,212,2.8
705,miami_2018,33133,28193,17984,63.8,6.2,410,2.4
706,miami_2018,33134,35905,23401,65.2,3.6,688,3.1
707,miami_2018,33135,33829,19810,58.6,7.7,144,0.8
708,miami_2018,33136,12313,7681,62.4,12.6,77,1.2
709,miami_2018,33137,20897,15230,72.9,5.9,578,4.0
710,miami_2018,33138,24624,16714,67.9,8.1,702,4.6
711,miami_2018,33139,34243,24754,72.3,3.9,807,3.4
712,miami_2018,33140,17886,10879,60.8,3.4,322,3.1
713,miami_2018,33141,34823,25172,72.3,4.4,549,2.3
714,miami_2018,33142,45910,25405,55.3,11.5,254,1.1
715,miami_2018,33143,26567,17835,67.1,5.7,239,1.4
716,miami_2018,33144,26525,16241,61.2,8.1,169,1.1
717,miami_2018,33145,27289,17783,65.2,5.0,456,2.7
718,miami_2018,33146,13667,7255,53.1,6.0,161,2.4
719,miami_2018,33147,37404,21083,56.4,10.6,359,1.9
720,miami_2018,33149,9781,5816,59.5,4.4,198,3.6
721,miami_2018,33150,22721,13672,60.2,17.3,127,1.1
722,miami_2018,33154,11540,6866,59.5,6.0,322,5.0
723,miami_2018,33155,40248,25329,62.9,3.4,634,2.6
724,miami_2018,33156,27533,17066,62.0,4.7,350,2.2
725,miami_2018,33157,53250,33778,63.4,6.9,573,1.8
726,miami_2018,33158,5121,3257,63.6,5.2,58,1.9
727,miami_2018,33160,35605,20569,57.8,4.4,426,2.2
728,miami_2018,33161,43542,28295,65.0,9.5,195,0.8
729,miami_2018,33162,38187,25018,65.5,10.5,201,0.9
730,miami_2018,33165,47922,28775,60.0,3.0,514,1.8
731,miami_2018,33166,21116,12911,61.1,4.7,294,2.4
732,miami_2018,33167,16139,9752,60.4,8.2,177,2.0
733,miami_2018,33168,23710,14693,62.0,9.9,93,0.7
734,miami_2018,33169,32112,20317,63.3,8.6,381,2.1
735,miami_2018,33170,10370,5884,56.7,9.6,105,2.0
736,miami_2018,33172,36005,23384,64.9,4.2,625,2.8
737,miami_2018,33173,26905,16626,61.8,3.6,273,1.7
738,miami_2018,33174,29755,17309,58.2,5.8,227,1.4
739,miami_2018,33175,47926,28487,59.4,4.4,538,2.0
740,miami_2018,33176,43599,28488,65.3,4.4,673,2.5
741,miami_2018,33177,48231,29152,60.4,5.5,453,1.6
742,miami_2018,33178,38581,26503,68.7,3.8,875,3.4
743,miami_2018,33179,37175,24609,66.2,7.6,516,2.3
744,miami_2018,33180,27387,16092,58.8,5.5,418,2.7
745,miami_2018,33181,16756,10870,64.9,8.6,164,1.7
746,miami_2018,33182,15020,7157,47.6,2.1,225,3.2
747,miami_2018,33183,31007,19929,64.3,5.5,343,1.8
748,miami_2018,33184,19050,10982,57.6,5.9,90,0.9
749,miami_2018,33185,25236,16604,65.8,3.6,401,2.5
750,miami_2018,33186,57677,37591,65.2,3.5,751,2.1
751,miami_2018,33187,15771,10525,66.7,6.6,212,2.2
752,miami_2018,33189,21057,14130,67.1,5.4,76,0.6
753,miami_2018,33190,12104,8676,71.7,7.7,256,3.2
754,miami_2018,33193,42418,27209,64.1,5.0,354,1.4
755,miami_2018,33194,6880,3286,47.8,3.7,20,0.6
756,miami_2018,33196,41532,27529,66.3,5.5,539,2.1
757,miami_2019,33010,39061,22276,57.0,5.2,385,1.8
758,miami_2019,33012,63380,34313,54.1,4.7,408,1.2
759,miami_2019,33013,27550,15722,57.1,4.4,112,0.7
760,miami_2019,33014,34802,20990,60.3,4.6,502,2.5
761,miami_2019,33015,54309,36324,66.9,5.0,663,1.9
762,miami_2019,33016,42054,27153,64.6,3.4,309,1.2
763,miami_2019,33018,43761,30768,70.3,3.3,674,2.3
764,miami_2019,33030,25103,16508,65.8,4.8,97,0.6
765,miami_2019,33031,5580,3817,68.4,3.6,66,1.8
766,miami_2019,33032,36983,25523,69.0,7.8,449,1.9
767,miami_2019,33033,42059,27423,65.2,8.6,314,1.3
768,miami_2019,33034,15295,7712,50.4,12.0,29,0.4
769,miami_2019,33035,11960,8552,71.5,8.2,23,0.3
770,miami_2019,33039,270,144,53.3,0.0,0,0.0
771,miami_2019,33054,24870,13224,53.2,9.6,248,2.1
772,miami_2019,33055,33233,18594,56.0,5.5,440,2.5
773,miami_2019,33056,27975,16418,58.7,11.1,364,2.5
774,miami_2019,33101,0,0,-,-,0,-
775,miami_2019,33109,392,153,39.0,0.0,0,0.0
776,miami_2019,33122,162,89,54.9,0.0,0,0.0
777,miami_2019,33125,51745,28277,54.6,4.0,484,1.8
778,miami_2019,33126,45566,28675,62.9,4.6,478,1.7
779,miami_2019,33127,25056,14650,58.5,10.9,140,1.1
780,miami_2019,33128,6782,3923,57.8,9.2,12,0.3
781,miami_2019,33129,11679,8541,73.1,3.6,250,3.0
782,miami_2019,33130,26191,16923,64.6,3.2,438,2.7
783,miami_2019,33131,16367,13300,81.3,2.8,520,4.0
784,miami_2019,33132,13014,8941,68.7,3.0,233,2.7
785,miami_2019,33133,28712,18074,62.9,5.0,464,2.7
786,miami_2019,33134,34176,22045,64.5,2.7,695,3.2
787,miami_2019,33135,33116,19338,58.4,7.6,210,1.2
788,miami_2019,33136,12935,8312,64.3,11.5,66,0.9
789,miami_2019,33137,19642,14426,73.4,4.4,612,4.4
790,miami_2019,33138,24688,16988,68.8,7.0,718,4.5
791,miami_2019,33139,34587,24913,72.0,4.0,770,3.2
792,miami_2019,33140,16472,10236,62.1,3.2,249,2.5
793,miami_2019,33141,34515,24834,72.0,3.4,544,2.3
794,miami_2019,33142,45872,26551,57.9,9.0,275,1.1
795,miami_2019,33143,25687,16624,64.7,5.1,198,1.3
796,miami_2019,33144,25834,15472,59.9,5.1,168,1.1
797,miami_2019,33145,26628,17139,64.4,3.7,449,2.7
798,miami_2019,33146,13940,7535,54.1,6.0,192,2.7
799,miami_2019,33147,37010,20965,56.6,9.6,166,0.9
800,miami_2019,33149,9737,5918,60.8,5.3,234,4.2
801,miami_2019,33150,22743,13429,59.0,14.0,109,0.9
802,miami_2019,33154,11390,6735,59.1,7.6,304,4.9
803,miami_2019,33155,39789,24769,62.3,2.5,529,2.2
804,miami_2019,33156,26866,16943,63.1,3.6,465,2.8
805,miami_2019,33157,52717,33602,63.7,5.9,543,1.7
806,miami_2019,33158,4928,3020,61.3,4.5,82,2.8
807,miami_2019,33160,34495,20455,59.3,4.4,273,1.4
808,miami_2019,33161,43820,28694,65.5,8.4,161,0.6
809,miami_2019,33162,37227,24413,65.6,6.8,117,0.5
810,miami_2019,33165,47563,28179,59.2,2.9,626,2.3
811,miami_2019,33166,20393,12515,61.4,3.3,359,3.0
812,miami_2019,33167,16093,9284,57.7,7.2,116,1.3
813,miami_2019,33168,22686,14058,62.0,7.4,75,0.6
814,miami_2019,33169,31994,20213,63.2,6.7,374,2.0
815,miami_2019,33170,11025,6190,56.1,8.4,19,0.3
816,miami_2019,33172,36116,23768,65.8,4.0,495,2.2
817,miami_2019,33173,28081,17694,63.0,4.0,338,2.0
818,miami_2019,33174,30549,17822,58.3,5.8,226,1.3
819,miami_2019,33175,46329,27723,59.8,3.5,404,1.5
820,miami_2019,33176,43570,28560,65.5,4.1,633,2.3
821,miami_2019,33177,47269,28743,60.8,4.8,455,1.7
822,miami_2019,33178,39489,26539,67.2,3.5,1049,4.1
823,miami_2019,33179,36857,24560,66.6,6.0,444,1.9
824,miami_2019,33180,27899,16569,59.4,5.2,295,1.9
825,miami_2019,33181,16855,10990,65.2,7.4,138,1.4
826,miami_2019,33182,14375,7122,49.5,1.4,238,3.4
827,miami_2019,33183,30789,19508,63.4,4.3,280,1.5
828,miami_2019,33184,19193,11085,57.8,4.7,55,0.5
829,miami_2019,33185,25469,16528,64.9,2.4,390,2.4
830,miami_2019,33186,55972,36686,65.5,2.8,831,2.3
831,miami_2019,33187,15929,10446,65.6,5.4,172,1.7
832,miami_2019,33189,19896,13235,66.5,4.6,60,0.5
833,miami_2019,33190,12542,8721,69.5,7.4,253,3.1
834,miami_2019,33193,41323,27119,65.6,4.2,329,1.3
835,miami_2019,33194,6584,3100,47.1,2.3,48,1.6
836,miami_2019,33196,42287,27991,66.2,4.5,643,2.4
837,atlanta_2019,30004,49629,35457,71.4,3.0,1906,5.5
838,atlanta_2019,30005,29699,21511,72.4,3.5,1096,5.3
839,atlanta_2019,30009,13595,9332,68.6,5.2,431,4.9
840,atlanta_2019,30022,53189,37898,71.3,4.4,1815,5.0
841,atlanta_2019,30024,59001,40650,68.9,3.6,1224,3.1
842,atlanta_2019,30075,42573,28395,66.7,4.2,1167,4.3
843,atlanta_2019,30076,35964,26474,73.6,3.1,769,3.0
844,atlanta_2019,30092,28369,20355,71.8,3.3,879,4.5
845,atlanta_2019,30097,37148,25190,67.8,4.5,944,3.9
846,atlanta_2019,30213,25159,18059,71.8,4.5,591,3.4
847,atlanta_2019,30268,7968,4627,58.1,7.0,54,1.3
848,atlanta_2019,30291,15739,10852,68.9,7.1,151,1.5
849,atlanta_2019,30296,21592,14328,66.4,8.6,233,1.8
850,atlanta_2019,30303,6580,2704,41.1,17.8,111,5.0
851,atlanta_2019,30305,20968,14950,71.3,1.2,580,3.9
852,atlanta_2019,30306,19989,15517,77.6,3.2,712,4.7
853,atlanta_2019,30307,16729,12924,77.3,4.5,563,4.6
854,atlanta_2019,30308,17798,13945,78.4,3.5,605,4.5
855,atlanta_2019,30309,24113,19286,80.0,2.2,718,3.8
856,atlanta_2019,30310,22620,14770,65.3,10.0,315,2.4
857,atlanta_2019,30311,28836,16360,56.7,13.2,417,2.9
858,atlanta_2019,30312,20516,15379,75.0,3.7,975,6.6
859,atlanta_2019,30313,11048,4900,44.4,12.9,81,1.9
860,atlanta_2019,30314,20723,10188,49.2,11.8,175,1.9
861,atlanta_2019,30315,26575,15104,56.8,11.3,378,2.8
862,atlanta_2019,30316,28320,20321,71.8,5.3,1066,5.6
863,atlanta_2019,30317,10723,7866,73.4,5.2,308,4.1
864,atlanta_2019,30318,46856,30020,64.1,6.5,1334,4.8
865,atlanta_2019,30319,35680,26473,74.2,2.7,1190,4.6
866,atlanta_2019,30324,25413,20283,79.8,2.0,984,5.0
867,atlanta_2019,30326,6268,4913,78.4,4.9,120,2.6
868,atlanta_2019,30327,18272,10965,60.0,3.3,456,4.3
869,atlanta_2019,30328,31880,22466,70.5,1.8,1009,4.6
870,atlanta_2019,30331,51269,32096,62.6,9.8,767,2.7
871,atlanta_2019,30332,3034,672,22.1,3.7,0,0.0
872,atlanta_2019,30334,0,0,-,-,0,-
873,atlanta_2019,30336,261,117,44.8,21.4,0,0.0
874,atlanta_2019,30337,9858,6608,67.0,6.0,146,2.4
875,atlanta_2019,30338,27348,18225,66.6,3.4,827,4.7
876,atlanta_2019,30339,21672,17246,79.6,2.9,455,2.7
877,atlanta_2019,30342,24042,18366,76.4,2.8,860,4.8
878,atlanta_2019,30344,25633,17640,68.8,7.0,606,3.7
879,atlanta_2019,30349,57477,40232,70.0,8.8,893,2.4
880,atlanta_2019,30350,32620,25056,76.8,4.4,1065,4.5
881,atlanta_2019,30354,12155,8422,69.3,8.3,182,2.4
882,atlanta_2019,30363,3690,2395,64.9,4.6,192,8.4
883,atlanta_2019,Georgia,8187263,5174538,63.2,5.7,113365,2.3
