,ZIP,MSA,AREA,OCCUPATION,GROUP,TOTAL EMPLOYMENT,JOBS PER 1000,LOCATION QUOTIENT,ANNUAL MEAN,ANNUAL MEDIAN
73,27502,39580.0,"Raleigh, NC","Data Scientists and Mathematical Science Occupations, All Other",detailed,540,0.866,2.02,"108,860","100,140"
617,27504,39580.0,"Raleigh, NC","Data Scientists and Mathematical Science Occupations, All Other",detailed,540,0.866,2.02,"108,860","100,140"
1161,27508,39580.0,"Raleigh, NC","Data Scientists and Mathematical Science Occupations, All Other",detailed,540,0.866,2.02,"108,860","100,140"
1705,27511,39580.0,"Raleigh, NC","Data Scientists and Mathematical Science Occupations, All Other",detailed,540,0.866,2.02,"108,860","100,140"
2249,27512,39580.0,"Raleigh, NC","Data Scientists and Mathematical Science Occupations, All Other",detailed,540,0.866,2.02,"108,860","100,140"
2793,27513,39580.0,"Raleigh, NC","Data Scientists and Mathematical Science Occupations, All Other",detailed,540,0.866,2.02,"108,860","100,140"
3337,27518,39580.0,"Raleigh, NC","Data Scientists and Mathematical Science Occupations, All Other",detailed,540,0.866,2.02,"108,860","100,140"
3881,27519,39580.0,"Raleigh, NC","Data Scientists and Mathematical Science Occupations, All Other",detailed,540,0.866,2.02,"108,860","100,140"
4425,27520,39580.0,"Raleigh, NC","Data Scientists and Mathematical Science Occupations, All Other",detailed,540,0.866,2.02,"108,860","100,140"
4969,27523,39580.0,"Raleigh, NC","Data Scientists and Mathematical Science Occupations, All Other",detailed,540,0.866,2.02,"108,860","100,140"
5513,27524,39580.0,"Raleigh, NC","Data Scientists and Mathematical Science Occupations, All Other",detailed,540,0.866,2.02,"108,860","100,140"
6057,27525,39580.0,"Raleigh, NC","Data Scientists and Mathematical Science Occupations, All Other",detailed,540,0.866,2.02,"108,860","100,140"
6601,27526,39580.0,"Raleigh, NC","Data Scientists and Mathematical Science Occupations, All Other",detailed,540,0.866,2.02,"108,860","100,140"
7145,27527,39580.0,"Raleigh, NC","Data Scientists and Mathematical Science Occupations, All Other",detailed,540,0.866,2.02,"108,860","100,140"
7689,27528,39580.0,"Raleigh, NC","Data Scientists and Mathematical Science Occupations, All Other",detailed,540,0.866,2.02,"108,860","100,140"
8233,27529,39580.0,"Raleigh, NC","Data Scientists and Mathematical Science Occupations, All Other",detailed,540,0.866,2.02,"108,860","100,140"
8777,27539,39580.0,"Raleigh, NC","Data Scientists and Mathematical Science Occupations, All Other",detailed,540,0.866,2.02,"108,860","100,140"
9321,27540,39580.0,"Raleigh, NC","Data Scientists and Mathematical Science Occupations, All Other",detailed,540,0.866,2.02,"108,860","100,140"
9865,27542,39580.0,"Raleigh, NC","Data Scientists and Mathematical Science Occupations, All Other",detailed,540,0.866,2.02,"108,860","100,140"
10409,27545,39580.0,"Raleigh, NC","Data Scientists and Mathematical Science Occupations, All Other",detailed,540,0.866,2.02,"108,860","100,140"
10953,27549,39580.0,"Raleigh, NC","Data Scientists and Mathematical Science Occupations, All Other",detailed,540,0.866,2.02,"108,860","100,140"
11497,27555,39580.0,"Raleigh, NC","Data Scientists and Mathematical Science Occupations, All Other",detailed,540,0.866,2.02,"108,860","100,140"
12041,27557,39580.0,"Raleigh, NC","Data Scientists and Mathematical Science Occupations, All Other",detailed,540,0.866,2.02,"108,860","100,140"
12585,27560,39580.0,"Raleigh, NC","Data Scientists and Mathematical Science Occupations, All Other",detailed,540,0.866,2.02,"108,860","100,140"
13129,27562,39580.0,"Raleigh, NC","Data Scientists and Mathematical Science Occupations, All Other",detailed,540,0.866,2.02,"108,860","100,140"
13673,27568,39580.0,"Raleigh, NC","Data Scientists and Mathematical Science Occupations, All Other",detailed,540,0.866,2.02,"108,860","100,140"
14217,27569,39580.0,"Raleigh, NC","Data Scientists and Mathematical Science Occupations, All Other",detailed,540,0.866,2.02,"108,860","100,140"
14761,27571,39580.0,"Raleigh, NC","Data Scientists and Mathematical Science Occupations, All Other",detailed,540,0.866,2.02,"108,860","100,140"
15305,27576,39580.0,"Raleigh, NC","Data Scientists and Mathematical Science Occupations, All Other",detailed,540,0.866,2.02,"108,860","100,140"
15849,27577,39580.0,"Raleigh, NC","Data Scientists and Mathematical Science Occupations, All Other",detailed,540,0.866,2.02,"108,860","100,140"
16393,27587,39580.0,"Raleigh, NC","Data Scientists and Mathematical Science Occupations, All Other",detailed,540,0.866,2.02,"108,860","100,140"
16937,27588,39580.0,"Raleigh, NC","Data Scientists and Mathematical Science Occupations, All Other",detailed,540,0.866,2.02,"108,860","100,140"
17481,27591,39580.0,"Raleigh, NC","Data Scientists and Mathematical Science Occupations, All Other",detailed,540,0.866,2.02,"108,860","100,140"
18025,27592,39580.0,"Raleigh, NC","Data Scientists and Mathematical Science Occupations, All Other",detailed,540,0.866,2.02,"108,860","100,140"
18569,27593,39580.0,"Raleigh, NC","Data Scientists and Mathematical Science Occupations, All Other",detailed,540,0.866,2.02,"108,860","100,140"
19113,27596,39580.0,"Raleigh, NC","Data Scientists and Mathematical Science Occupations, All Other",detailed,540,0.866,2.02,"108,860","100,140"
19657,27597,39580.0,"Raleigh, NC","Data Scientists and Mathematical Science Occupations, All Other",detailed,540,0.866,2.02,"108,860","100,140"
20201,27601,39580.0,"Raleigh, NC","Data Scientists and Mathematical Science Occupations, All Other",detailed,540,0.866,2.02,"108,860","100,140"
20745,27602,39580.0,"Raleigh, NC","Data Scientists and Mathematical Science Occupations, All Other",detailed,540,0.866,2.02,"108,860","100,140"
21289,27603,39580.0,"Raleigh, NC","Data Scientists and Mathematical Science Occupations, All Other",detailed,540,0.866,2.02,"108,860","100,140"
21833,27604,39580.0,"Raleigh, NC","Data Scientists and Mathematical Science Occupations, All Other",detailed,540,0.866,2.02,"108,860","100,140"
22377,27605,39580.0,"Raleigh, NC","Data Scientists and Mathematical Science Occupations, All Other",detailed,540,0.866,2.02,"108,860","100,140"
22921,27606,39580.0,"Raleigh, NC","Data Scientists and Mathematical Science Occupations, All Other",detailed,540,0.866,2.02,"108,860","100,140"
23465,27607,39580.0,"Raleigh, NC","Data Scientists and Mathematical Science Occupations, All Other",detailed,540,0.866,2.02,"108,860","100,140"
24009,27608,39580.0,"Raleigh, NC","Data Scientists and Mathematical Science Occupations, All Other",detailed,540,0.866,2.02,"108,860","100,140"
24553,27609,39580.0,"Raleigh, NC","Data Scientists and Mathematical Science Occupations, All Other",detailed,540,0.866,2.02,"108,860","100,140"
25097,27610,39580.0,"Raleigh, NC","Data Scientists and Mathematical Science Occupations, All Other",detailed,540,0.866,2.02,"108,860","100,140"
25641,27611,39580.0,"Raleigh, NC","Data Scientists and Mathematical Science Occupations, All Other",detailed,540,0.866,2.02,"108,860","100,140"
26185,27612,39580.0,"Raleigh, NC","Data Scientists and Mathematical Science Occupations, All Other",detailed,540,0.866,2.02,"108,860","100,140"
26729,27613,39580.0,"Raleigh, NC","Data Scientists and Mathematical Science Occupations, All Other",detailed,540,0.866,2.02,"108,860","100,140"
27273,27614,39580.0,"Raleigh, NC","Data Scientists and Mathematical Science Occupations, All Other",detailed,540,0.866,2.02,"108,860","100,140"
27817,27615,39580.0,"Raleigh, NC","Data Scientists and Mathematical Science Occupations, All Other",detailed,540,0.866,2.02,"108,860","100,140"
28361,27616,39580.0,"Raleigh, NC","Data Scientists and Mathematical Science Occupations, All Other",detailed,540,0.866,2.02,"108,860","100,140"
28905,27617,39580.0,"Raleigh, NC","Data Scientists and Mathematical Science Occupations, All Other",detailed,540,0.866,2.02,"108,860","100,140"
29449,27619,39580.0,"Raleigh, NC","Data Scientists and Mathematical Science Occupations, All Other",detailed,540,0.866,2.02,"108,860","100,140"
29993,27620,39580.0,"Raleigh, NC","Data Scientists and Mathematical Science Occupations, All Other",detailed,540,0.866,2.02,"108,860","100,140"
30537,27621,39580.0,"Raleigh, NC","Data Scientists and Mathematical Science Occupations, All Other",detailed,540,0.866,2.02,"108,860","100,140"
31081,27622,39580.0,"Raleigh, NC","Data Scientists and Mathematical Science Occupations, All Other",detailed,540,0.866,2.02,"108,860","100,140"
31625,27623,39580.0,"Raleigh, NC","Data Scientists and Mathematical Science Occupations, All Other",detailed,540,0.866,2.02,"108,860","100,140"
32169,27624,39580.0,"Raleigh, NC","Data Scientists and Mathematical Science Occupations, All Other",detailed,540,0.866,2.02,"108,860","100,140"
32713,27625,39580.0,"Raleigh, NC","Data Scientists and Mathematical Science Occupations, All Other",detailed,540,0.866,2.02,"108,860","100,140"
33257,27626,39580.0,"Raleigh, NC","Data Scientists and Mathematical Science Occupations, All Other",detailed,540,0.866,2.02,"108,860","100,140"
33801,27627,39580.0,"Raleigh, NC","Data Scientists and Mathematical Science Occupations, All Other",detailed,540,0.866,2.02,"108,860","100,140"
34345,27628,39580.0,"Raleigh, NC","Data Scientists and Mathematical Science Occupations, All Other",detailed,540,0.866,2.02,"108,860","100,140"
34889,27629,39580.0,"Raleigh, NC","Data Scientists and Mathematical Science Occupations, All Other",detailed,540,0.866,2.02,"108,860","100,140"
35433,27634,39580.0,"Raleigh, NC","Data Scientists and Mathematical Science Occupations, All Other",detailed,540,0.866,2.02,"108,860","100,140"
35977,27635,39580.0,"Raleigh, NC","Data Scientists and Mathematical Science Occupations, All Other",detailed,540,0.866,2.02,"108,860","100,140"
36521,27636,39580.0,"Raleigh, NC","Data Scientists and Mathematical Science Occupations, All Other",detailed,540,0.866,2.02,"108,860","100,140"
37065,27640,39580.0,"Raleigh, NC","Data Scientists and Mathematical Science Occupations, All Other",detailed,540,0.866,2.02,"108,860","100,140"
37609,27650,39580.0,"Raleigh, NC","Data Scientists and Mathematical Science Occupations, All Other",detailed,540,0.866,2.02,"108,860","100,140"
38153,27656,39580.0,"Raleigh, NC","Data Scientists and Mathematical Science Occupations, All Other",detailed,540,0.866,2.02,"108,860","100,140"
38697,27658,39580.0,"Raleigh, NC","Data Scientists and Mathematical Science Occupations, All Other",detailed,540,0.866,2.02,"108,860","100,140"
39241,27661,39580.0,"Raleigh, NC","Data Scientists and Mathematical Science Occupations, All Other",detailed,540,0.866,2.02,"108,860","100,140"
39785,27668,39580.0,"Raleigh, NC","Data Scientists and Mathematical Science Occupations, All Other",detailed,540,0.866,2.02,"108,860","100,140"
40329,27675,39580.0,"Raleigh, NC","Data Scientists and Mathematical Science Occupations, All Other",detailed,540,0.866,2.02,"108,860","100,140"
40873,27676,39580.0,"Raleigh, NC","Data Scientists and Mathematical Science Occupations, All Other",detailed,540,0.866,2.02,"108,860","100,140"
41417,27690,39580.0,"Raleigh, NC","Data Scientists and Mathematical Science Occupations, All Other",detailed,540,0.866,2.02,"108,860","100,140"
41961,27695,39580.0,"Raleigh, NC","Data Scientists and Mathematical Science Occupations, All Other",detailed,540,0.866,2.02,"108,860","100,140"
42505,27697,39580.0,"Raleigh, NC","Data Scientists and Mathematical Science Occupations, All Other",detailed,540,0.866,2.02,"108,860","100,140"
43049,27698,39580.0,"Raleigh, NC","Data Scientists and Mathematical Science Occupations, All Other",detailed,540,0.866,2.02,"108,860","100,140"
43593,27699,39580.0,"Raleigh, NC","Data Scientists and Mathematical Science Occupations, All Other",detailed,540,0.866,2.02,"108,860","100,140"
